<?xml version="1.0" encoding="UTF-8"?>
<!DOCTYPE mapper PUBLIC
"-//mybatis.org/DTD/Mapper 3.0//EN"
"http://mybatis.org/dtd/mybatis-3-mapper.dtd">

<mapper namespace="genres"><!-- X -->
<!-- namespace는 테이블명으로 -->

	<insert id="insert" parameterType="string">
		INSERT INTO genres(no, name)
		VALUES(genres_seq.nextval, #{name})
	</insert>
	
	<update id="updateByName" parameterType="hashMap">
		UPDATE genres
		SET name= #{new}
		WHERE name = #{old} 
	</update>
	
	<delete id="delete" parameterType="string">
		DELETE genres
		WHERE name = #{name}
	</delete>
	
	<select id="selectList" resultType="vo.Genre">
		SELECT no, name
		FROM genres
		ORDER BY 2
	</select>
	
	<select id="selectList2" resultType="vo.Genre">
		SELECT no, name
		FROM genres
		ORDER BY 1
	</select>
</mapper>