<?xml version="1.0" encoding="UTF-8"?>
<!DOCTYPE mapper PUBLIC
"-//mybatis.org/DTD/Mapper 3.0//EN"
"http://mybatis.org/dtd/mybatis-3-mapper.dtd">

<mapper namespace="movies"><!-- X -->
<!-- namespace는 테이블명으로 -->
	<select id="selectList" resultType="vo.Movie">
		SELECT no, name, release_date releaseDate, end_date endDate, director, audience_num audienceNum, genre
		FROM movies
	</select>
	
	<delete id="delete" parameterType="int">
		DELETE movies
		WHERE no = #{no}
	</delete>
	
	<select id="selectByName" parameterType="String" resultType="vo.Movie">
		SELECT no, name, release_date releaseDate, director, audience_num audienceNum, genre
		FROM movies
		WHERE name LIKE '%'||#{name}||'%'
		
	</select>
	
	<insert id="insert" parameterType="vo.Movie">
		INSERT INTO movies(no, name, release_date, end_date, director, audience_num, genre)
		VALUES(movies_seq.nextval, #{name}, #{releaseDate}, #{endDate}, #{director}, #{audienceNum}, #{genre})
	</insert>
</mapper>