<?xml version="1.0" encoding="UTF-8"?>
<!DOCTYPE configuration PUBLIC
"-//mybatis.org/DTD/Config 3.0//EN"
"http://mybatis.org/dtd/mybatis-3-config.dtd">
<configuration>
	<settings>
		<setting name="jdbcTypeForNull" value="NULL"/>
	</settings>

    <!-- DB환경설정 -->
	<environments default="development">
		<environment id="development">
			<transactionManager type="JDBC"/>
			
			<dataSource type="POOLED">
				<property name="url" value="jdbc:oracle:thin:@localhost:1521:xe"/>
				<property name="username" value="test"/>
				<property name="password" value="1111"/>
				<property name="driver" value="oracle.jdbc.OracleDriver"/>
			</dataSource>
		</environment>
	
	</environments>

    <!-- 맵퍼 파일 경로 설정 -->
	<mappers>
		<mapper resource="mapper/genres.xml"/> <!-- X -->
		<mapper resource="mapper/movies.xml"/> <!-- X -->
	</mappers>
</configuration>